{"master": 0.24615384615384617, "effects": 0.38076923076923075, "music": 0.1346153846153846}